Model,Accuracy,AUC,Precision,Recall,F1,MCC
Logistic Regression,0.8176011355571328,0.8614735474655046,0.6823899371069182,0.5817694369973191,0.6280752532561505,0.5110978753066465
Decision Tree,0.7246273953158269,0.6565750929021708,0.48091603053435117,0.5067024128686327,0.4934725848563969,0.30476161318724904
KNN,0.7750177430801988,0.7865048598962808,0.5858895705521472,0.5120643431635389,0.5464949928469242,0.39938939211452107
Naive Bayes,0.7579843860894251,0.8428879377270798,0.5293040293040293,0.774798927613941,0.6289445048966268,0.4770019543698006
Random Forest,0.7970191625266146,0.8368894075998634,0.6629213483146067,0.4745308310991957,0.553125,0.43640994156466534
XGBoost,0.794180269694819,0.8364559503969691,0.6360655737704918,0.5201072386058981,0.5722713864306784,0.44239726381411276
