Model,Accuracy,AUC,Precision,Recall,F1,MCC
Logistic Regression,0.8197303051809794,0.8610232695353339,0.6900958466453674,0.579088471849866,0.6297376093294461,0.5152399381431869
Decision Tree,0.7246273953158269,0.6565750929021708,0.48091603053435117,0.5067024128686327,0.4934725848563969,0.30476161318724904
KNN,0.7792760823278921,0.7811933917832041,0.5974842767295597,0.5093833780160858,0.5499276410998553,0.4071981191345458
Naive Bayes,0.7579843860894251,0.8428879377270798,0.5293040293040293,0.774798927613941,0.6289445048966268,0.4770019543698006
Random Forest,0.8005677785663591,0.8624413862349518,0.6900826446280992,0.4477211796246649,0.5430894308943089,0.43903728441296475
XGBoost,0.794180269694819,0.8364559503969691,0.6360655737704918,0.5201072386058981,0.5722713864306784,0.44239726381411276
